ProductCategory,ParentCategory
Coconut Water,Beverages
Rice Flour,Flours & Meals
Rosemary,Single Herbs & Spices
Puffed Snacks,Snack Foods
Chutneys,Condiments Pickles & Relishes
Worcestershire Sauce,Condiments Pickles & Relishes
Potato Side Dishes,Potatoes & Stuffings
Penne,Pasta
Bamboo,Live Indoor Plants
Grocery & Gourmet Food,
Baked,Beans
Soda Syrups,Beverages
Beans,Dried Beans Grains & Rice
Sweet Pickles,Pickles
Potato,Chips & Crisps
Europe,World Music
Sauces Gifts,Gourmet Gifts
Bonsai,Live Indoor Plants
Soft Drinks,Beverages
Country,CDs & Vinyl
Jerky & Dried Meats,Snack Foods
Cookies,Snack Foods
Condensed,Condensed & Powdered Milk
Electronics,
Flours & Meals,Cooking & Baking
Breakfast Foods,Grocery & Gourmet Food
Classic R&B,R&B
Hot Cocoa,Beverages
Shortening,Lard & Shortening
Ginger,Single Herbs & Spices
Chili Sauce,Asian
Condiments Pickles & Relishes,Canned Dry & Packaged Foods
Diced,Tomatoes
Cooking Oils Vinegars & Sprays,Cooking & Baking
Miso Soups,Soups Stews & Chili
Poultry Seasoning,Mixed Spices & Seasonings
Chewing Gum,Candy & Chocolate
Chrysanthemums,Fresh Cut Flowers
Marinara,Italian
Blue Cheese,Salad Dressings
Toffee,Candy & Chocolate
Grapeseed,Oils
Sesame Seed,Single Herbs & Spices
Mexican Seasoning,Mixed Spices & Seasonings
Mexican Dinner Kits,Packaged Meals & Side Dishes
Instant Coffee,Coffee
Single-Serve Cups,Coffee
Baby Formula,Baby Foods
Pecans,Nuts & Seeds
Fusilli,Pasta
Peanut,Oils
Gummy Candy,Candy & Chocolate
Herbs Spices & Seasonings,Canned Dry & Packaged Foods
Fajitas,Mexican Dinner Kits
Wheat,Crackers
Tortillas,Mexican Dinner Kits
Bow-Tie,Pasta
White Wine,Vinegars
Continental Europe,Europe
Unpopped,Popcorn
Oat Flour,Flours & Meals
Tomatoes,Vegetables
Bakers Yeast,Leaveners & Yeasts
Fruit Leather,Snack Foods
Fruits,Fruits Nuts & Snacks
Applesauce & Fruit Cups,Snack Foods
Crackers,Snack Foods
Brownies,Baking Mixes
Oldies & Retro,Rock
Mustard,Condiments Pickles & Relishes
Poppy Seed,Single Herbs & Spices
Indian Dishes,Packaged Meals & Side Dishes
Video Games,
Noodle Soups,Soups Stews & Chili
Cumin,Single Herbs & Spices
Pretzels,Snack Foods
Sandwich,Cookies
Dill Pickles,Pickles
Fresh Cut Flowers,Fresh Flowers & Live Indoor Plants
Oldies,Pop
Nut Clusters,Candy & Chocolate
Fresh Centerpieces,Fresh Flowers & Live Indoor Plants
Rock Salt,Salt & Salt Substitutes
Almond,Flours & Meals
Health & Personal Care,
Paella,Rice Dishes
Asafetida,Single Herbs & Spices
Savory,Single Herbs & Spices
Food Coloring,Cooking & Baking
Steak Sauce,Condiments Pickles & Relishes
Sweet Basil Leaf,Single Herbs & Spices
Honey Mustard,Mustard
Dendrobium,Orchids
Processed Cheese,Dips & Spreads
Energy Drinks,Beverages
Enchiladas,Mexican Dinner Kits
Marinades & Seasoning Mixes,Sauces Gravies & Marinades
Chocolate Chip,Cookies
Sugar,Cookies
Coffee Gifts,Gourmet Gifts
Fortune,Cookies
Instant Breakfast Drinks,Powdered Drink Mixes
Snack Gifts,Gourmet Gifts
Licorice,Candy & Chocolate
Crabmeat,Meat & Seafood
Cashew Butter,Nut Butters
Seafood Seasoning,Mixed Spices & Seasonings
Bloody Mary,Cocktail Mixers
Panko,Breadcrumbs & Seasoned Coatings
Coffee Substitutes,Coffee
Ginger Snaps,Cookies
Allspice,Single Herbs & Spices
Chai,Tea
Granola & Trail Mix Bars,Snack Foods
Maple Syrup,Syrups Sugars & Sweeteners
Chocolate,Cookies
Halva,Candy & Chocolate
Water,Beverages
Basmati,Grains & Rice
Clothing Shoes & Jewelry,
Chili Mix,Mixed Spices & Seasonings
Vegetable,Chips & Crisps
Kosher Salt,Salt & Salt Substitutes
Chicken Soups,Soups Stews & Chili
Salad Toppings,Condiments Pickles & Relishes
Cake Toppers,Frosting Icing & Decorations
Oils Vinegars & Salad Dressings,Canned Dry & Packaged Foods
Cold Cereals,Cereals
Chinese Star Anise,Single Herbs & Spices
Pudding & Gelatin,Cooking & Baking
Orzo,Pasta
Curry Powder,Mixed Spices & Seasonings
Vegetable Juice,Juices
Almonds,Nuts & Seeds
Movies,Movies & TV
Cereal,Breakfast & Cereal Bars
Fruits Nuts & Snacks,Candy & Chocolate
Party Mix,Snack Foods
Rice Cakes Chips & Crackers,Snack Foods
Doughs Shells & Crusts,Cooking & Baking
Cake Decorations,Party Supplies
Beverages,Grocery & Gourmet Food
Todays Country,Country
Hard Candy,Candy & Chocolate
Single-Serve Pods,Coffee
Condensed & Powdered Milk,Cooking & Baking
Macaroni & Cheese,Packaged Meals & Side Dishes
Cocoa,Baking Chocolates Carob & Cocoa
Seltzer & Tonic Water,Water
Dried Seaweed & Nori,Cooking & Baking
Dinners,Baby Foods
Flavoring Syrups,Beverages
Meat,Baby Foods
Single Herbs & Spices,Herbs Spices & Seasonings
Breadsticks,Snack Foods
Horseradish,Condiments Pickles & Relishes
Breadcrumbs & Seasoned Coatings,Cooking & Baking
Meat Seasoning,Mixed Spices & Seasonings
Nut Butters,Jams Jellies & Sweet Spreads
Potato Chips,Fruits Nuts & Snacks
Fruit Butters,Jams Jellies & Sweet Spreads
Chinese Five Spice,Mixed Spices & Seasonings
Molasses,Syrups Sugars & Sweeteners
Cell Phones & Accessories,
Sandwich Spreads,Condiments Pickles & Relishes
Thyme,Single Herbs & Spices
Mixed Spices & Seasonings,Herbs Spices & Seasonings
Greek Seasoning,Mixed Spices & Seasonings
Coconut Flakes,Cooking & Baking
Table Salt,Salt & Salt Substitutes
Soups Stews & Chili,Canned & Jarred Food
Peeled,Tomatoes
Muesli,Cereals
Beef Soups,Soups Stews & Chili
Sunflower,Oils
Sparkling Juice,Juices
Shortbread,Cookies
Juices,Beverages
Teriyaki Sauce,Asian
Powdered,Condensed & Powdered Milk
Plum Sauce,Asian
Dessert Gifts,Gourmet Gifts
Fruity Candy,Candy & Chocolate
Cooking Wine,Cooking & Baking
Fenugreek,Single Herbs & Spices
Active Dry Yeasts,Leaveners & Yeasts
Meringues,Cookies
Chile Paste,Asian
Women,Clothing Shoes & Jewelry
Peanut Sauce,Asian
Breakfast & Cereal Bars,Breakfast Foods
Broths,Stocks Broths & Bouillon
Smoothies,Juices
Dried Fruit & Raisins,Snack Foods
Sugar Substitutes,Cooking & Baking
Flavoring Syrup,Dessert Syrups & Sauces
Caraway Seed,Single Herbs & Spices
Chicken,Bouillon
Walnuts,Nuts & Seeds
Rotini,Pasta
Chips & Crisps,Snack Foods
Canned & Jarred Food,Canned Dry & Packaged Foods
Soy,Chips & Crisps
Baking Powder,Leaveners & Yeasts
Muffins,Baking Mixes
Ghee,Lard & Shortening
Energy & Nutritional,Breakfast & Cereal Bars
Jams Jellies & Sweet Spreads,Canned Dry & Packaged Foods
Apple Cider,Vinegars
Mixed Bouquets,Fresh Cut Flowers
Lemons,Fruits
Flatbread,Crackers
Peanuts,Nuts & Seeds
Vinaigrette,Salad Dressings
Asian,Sauces
Meat & Seafood,Canned & Jarred Food
Games,PlayStation
Assortments,Candy & Chocolate
Iced Tea & Lemonade,Beverages
Nut,Cookies
Brown,Grains & Rice
Green Beans,Vegetables
Crackers & Biscuits,Baby Foods
Roses,Fresh Cut Flowers
Baking Chocolates Carob & Cocoa,Cooking & Baking
Pie & Pastry Fillings,Cooking & Baking
Italian Seasoning,Mixed Spices & Seasonings
Unroasted Beans,Coffee
Cashews,Nuts & Seeds
Peanut Butter,Nut Butters
Lemonade,Iced Tea & Lemonade
Pickles,Condiments Pickles & Relishes
Chocolate Drink Mixes,Powdered Drink Mixes
Baking Soda,Leaveners & Yeasts
Spanish & Mexican,Sauces
Celery Seed,Single Herbs & Spices
Cereals,Breakfast Foods
Alfredo,Italian
Tulips,Fresh Cut Flowers
Bacon,Fruits Nuts & Snacks
Granola,Cereals
Tortilla,Chips & Crisps
Black,Tea
Pickle Relishes,Relishes
Pumpkin Seeds,Nuts & Seeds
Pectin,Pudding & Gelatin
Soft Drink Mixes,Powdered Drink Mixes
Basic Cases,Cases
Spices Gifts,Gourmet Gifts
Kidney,Beans
Quinoa,Grains & Rice
Jasmine,Grains & Rice
Fruit Gifts,Gourmet Gifts
More Systems,Video Games
Split Pea Soups,Soups Stews & Chili
Bluegrass,Country
Sunflower Seeds,Nuts & Seeds
Margarita,Cocktail Mixers
Sea Salt,Salt & Salt Substitutes
Stews,Soups Stews & Chili
Oregano,Single Herbs & Spices
Pasta & Noodles,Canned Dry & Packaged Foods
Adobo Sauce,Spanish & Mexican
Bitters,Cocktail Mixers
Germany,Continental Europe
Wafers,Cookies
Coffee,Beverages
Lard & Shortening,Cooking & Baking
Lilies,Fresh Cut Flowers
Herbal,Tea
Bean Salad,Vegetables
Blues,CDs & Vinyl
Handbags & Wallets,Women
Peas,Dried Beans Grains & Rice
Peppercorns,Pepper & Peppercorns
Martini,Cocktail Mixers
Single-Serve Capsules,Coffee
Cooking & Baking,Grocery & Gourmet Food
Cilantro Flakes,Single Herbs & Spices
Olives,Condiments Pickles & Relishes
Dijon Mustard,Mustard
Barbecue,Sauces
Salt Substitutes,Salt & Salt Substitutes
Pilaf,Rice Dishes
Oncidium,Orchids
Sparkling & Mineral Water,Water
Seasoned Coatings,Breadcrumbs & Seasoned Coatings
Wheat Berries,Grains & Rice
Flax Seed,Single Herbs & Spices
Marmalades,Jams Jellies & Sweet Spreads
Rigatoni,Pasta
Assortments & Samplers,Crackers
Graham Crackers,Crackers
Brown Mustard,Mustard
Onions,Vegetables
Ground Pepper,Pepper & Peppercorns
Bonito Flakes,Single Herbs & Spices
Stationery & Party Supplies,Health & Personal Care
Saffron,Single Herbs & Spices
Taffy,Candy & Chocolate
Capellini,Pasta
Dessert Syrups & Sauces,Cooking & Baking
Bouillon,Stocks Broths & Bouillon
Cocktail Mixers,Beverages
Baby Foods,Grocery & Gourmet Food
Grits,Cereals
Decorating Kits,Frosting Icing & Decorations
Potatoes & Stuffings,Packaged Meals & Side Dishes
Papayas,Fruits
Nutmeg,Single Herbs & Spices
Paprika,Single Herbs & Spices
Microwave,Popcorn
Protein Drinks,Beverages
Popcorn,Snack Foods
Ginger Candy,Candy & Chocolate
Roadhouse Country,Country
Italian,Sauces
Biscotti,Cookies
Pistachio Nuts,Nuts & Seeds
Cajun Seasoning,Mixed Spices & Seasonings
Gnocchi,Pasta
Cable Straps,Cord Management
Jams Jellies & Preserves,Jams Jellies & Sweet Spreads
Hazelnuts,Nuts & Seeds
Cases,Cell Phones & Accessories
Orchids,Live Indoor Plants
Coriander,Single Herbs & Spices
Marshmallows,Cooking & Baking
Chocolate Gifts,Gourmet Gifts
Toaster Pastries,Breakfast Foods
Vegetables,Canned & Jarred Food
Animal Shaped,Crackers
Anchovies,Meat & Seafood
Sesame,Oils
Pizza,Italian
Pepper & Peppercorns,Herbs Spices & Seasonings
Chocolates,Baking Chocolates Carob & Cocoa
Sauces Gravies & Marinades,Canned Dry & Packaged Foods
Mushrooms,Vegetables
Curry Sauce,Asian
Breadcrumbs,Breadcrumbs & Seasoned Coatings
Gourmet Gifts,Grocery & Gourmet Food
Sage Leaf,Single Herbs & Spices
Single-Serve Discs,Coffee
Rooibos,Tea
Nuts & Seeds,Cooking & Baking
Chia Seeds,Nuts & Seeds
Jams & Preserves Gifts,Gourmet Gifts
Cranberries,Fruits
Wheat Flours & Meals,Flours & Meals
Mayonnaise,Condiments Pickles & Relishes
Marzipan & Almond Paste,Cooking & Baking
Indian Seasoning,Mixed Spices & Seasonings
Pesto,Italian
Barbecue Sauce,Asian
Pizza Kits,Packaged Meals & Side Dishes
Cream of Tartar,Single Herbs & Spices
Carob,Baking Chocolates Carob & Cocoa
Mixed Nuts,Nuts & Seeds
Avocado,Oils
Asian Dishes,Packaged Meals & Side Dishes
Piano Blues,Blues
Candy Gifts,Gourmet Gifts
Barley Flour,Flours & Meals
Chives,Single Herbs & Spices
Meal Replacement Drinks,Beverages
Oyster,Crackers
Breads,Baking Mixes
Leaveners & Yeasts,Cooking & Baking
Chocolate Truffles,Candy & Chocolate
Polenta Meal,Flours & Meals
Cord Management,Accessories & Supplies
Pinto,Beans
Honey,Syrups Sugars & Sweeteners
Pop,CDs & Vinyl
Cinnamon,Single Herbs & Spices
Oat Bran,Flours & Meals
Oolong,Tea
Fennel Seed,Single Herbs & Spices
Plums,Fruits
Oils,Cooking Oils Vinegars & Sprays
R&B,CDs & Vinyl
Vegetable Relishes,Relishes
Lasagna,Pasta
Mints,Candy & Chocolate
Bay Leaf,Single Herbs & Spices
Garam Masala,Mixed Spices & Seasonings
Simple Syrup,Syrups Sugars & Sweeteners
Stuffing Side Dishes,Potatoes & Stuffings
Pancakes & Waffles,Baking Mixes
Olive,Oils
Sour Candy,Candy & Chocolate
Barbecue Seasoning,Mixed Spices & Seasonings
Couscous,Grains & Rice
Neo-Soul,R&B
Relishes,Condiments Pickles & Relishes
Tomato Soups,Soups Stews & Chili
Caesar,Salad Dressings
World Music,CDs & Vinyl
Corn,Chips & Crisps
Biscuits,Baking Mixes
Iced Tea,Iced Tea & Lemonade
Bisques,Soups Stews & Chili
Pasta,Pasta & Noodles
Flavored Salt,Salt & Salt Substitutes
Agave Nectar & Syrup,Syrups Sugars & Sweeteners
Gelatin,Pudding & Gelatin
Ice Cream Cones & Toppings,Snack Foods
Brittle,Candy & Chocolate
Coarse Salt,Salt & Salt Substitutes
Bagel Chips,Crackers
Fresh Wreathes,Fresh Flowers & Live Indoor Plants
Burritos,Mexican Dinner Kits
Anise Seeds,Single Herbs & Spices
Oranges,Fruits
Vanilla Beans,Single Herbs & Spices
Red Wine,Vinegars
Wasabi Powder,Single Herbs & Spices
Daiquiri,Cocktail Mixers
Rice Dishes,Packaged Meals & Side Dishes
White,Tea
Shirataki,Noodles
Grains & Rice,Dried Beans Grains & Rice
Crushed,Tomatoes
Frosting Icing & Decorations,Cooking & Baking
Macadamia Nuts,Nuts & Seeds
Pita,Chips & Crisps
Matzo,Crackers
Saltines,Crackers
Suckers & Lollipops,Candy & Chocolate
Vinegars,Cooking Oils Vinegars & Sprays
Phalaenopsis,Orchids
PlayStation,More Systems
Live Indoor Plants,Fresh Flowers & Live Indoor Plants
Coconut,Oils
Coconut Sauce,Asian
Nuts,Fruits Nuts & Snacks
Ground Coffee,Coffee
Flavored & Enhanced Water,Water
Rice,Noodles
CDs & Vinyl,
Tuna Fish,Meat & Seafood
House Plants,Live Indoor Plants
Stocks Broths & Bouillon,Canned & Jarred Food
Pasta & Noodle Dinner Kits,Packaged Meals & Side Dishes
Fruit Juice,Juices
Dirty Rice,Rice Dishes
Thickeners,Cooking & Baking
Dried Beans Grains & Rice,Canned Dry & Packaged Foods
Turmeric,Single Herbs & Spices
Dips & Spreads,Salsas Dips & Spreads
Salad Dressings,Oils Vinegars & Salad Dressings
Trail Mix,Snack Foods
Pork Rinds,Snack Foods
Peppermint Leaf,Single Herbs & Spices
Balsamic,Vinaigrette
Dusting Powders,Frosting Icing & Decorations
Stir-Fry Sauce,Asian
Salsas Dips & Spreads,Snack Foods
Green,Tea
Mulling Spice,Mixed Spices & Seasonings
Toys & Games,
Fresh Flowers & Live Indoor Plants,Grocery & Gourmet Food
Garlic,Single Herbs & Spices
Syrups Sugars & Sweeteners,Cooking & Baking
Tea Samplers,Tea
Butter,Cookies
Soy Sauce,Asian
Salt & Salt Substitutes,Herbs Spices & Seasonings
Sprinkles & Glitters,Frosting Icing & Decorations
Baking Mixes,Cooking & Baking
Cheese Gifts,Gourmet Gifts
Tomato Paste,Tomatoes
Tea,Beverages
Oatmeal,Cereals
Sauces,Sauces Gravies & Marinades
Fudge,Candy & Chocolate
Jalapenos,Vegetables
Walnut,Oils
Jelly Beans,Candy & Chocolate
Seasoned Salt,Salt & Salt Substitutes
Sports Drinks,Beverages
Ketchup,Condiments Pickles & Relishes
Rock,CDs & Vinyl
Snack Foods,Grocery & Gourmet Food
Ramen,Noodles
Ranch,Dips & Spreads
Movies & TV,
Onion,Single Herbs & Spices
Cardamom Seed,Single Herbs & Spices
Tea Gifts,Gourmet Gifts
Sugars,Syrups Sugars & Sweeteners
Accessories & Supplies,Electronics
Lentils,Dried Beans Grains & Rice
Canned Dry & Packaged Foods,Grocery & Gourmet Food
Cakes,Baking Mixes
Cloves,Single Herbs & Spices
Bars,Candy & Chocolate
Sloppy Joe Mix,Canned & Jarred Food
Taco Shells & Kits,Mexican Dinner Kits
Packaged Meals & Side Dishes,Canned Dry & Packaged Foods
Chowders,Soups Stews & Chili
Vegetable Soups,Soups Stews & Chili
Spiced Meat,Meat & Seafood
Caramels,Candy & Chocolate
Tomato Sauce,Tomatoes
Yellow Mustard,Mustard
Beef,Broths
Almond Butter,Nut Butters
Singer-Songwriters,Pop
Fruit,Baby Foods
Truffle,Oils
Chili,Soups Stews & Chili
Meat Substitutes,Canned & Jarred Food
Frostings & Icings,Frosting Icing & Decorations
Ciders,Juices
Popped,Popcorn
Sweet & Sour Sauce,Asian
Gourmet Rubs,Mixed Spices & Seasonings
Spaghetti,Pasta
Fruit Snacks,Snack Foods
Party Supplies,Stationery & Party Supplies
Chili Powder,Single Herbs & Spices
Noodles,Pasta & Noodles
Powdered Drink Mixes,Beverages
Pudding,Pudding & Gelatin
Egg,Noodles
Fettuccine,Pasta
Arborio,Grains & Rice
Wild,Grains & Rice
Extracts & Flavoring,Cooking & Baking
Whole Beans,Coffee
Linguine,Pasta
Candy & Chocolate,Grocery & Gourmet Food
Fish Sauce,Asian
Soba,Noodles
Ziti,Pasta
